{"actor/kl_coef":0.001,"response_length/turns":2.171875,"critic/score/min":0,"critic/advantages/max":0.7071056365966797,"prompt_length/mean":194.984375,"critic/advantages/mean":0.0020311728585511446,"critic/advantages/min":-0.7071056365966797,"response_length/clip_ratio":0,"critic/score/mean":0.14765626192092896,"_step":15,"critic/rewards/mean":0.14765626192092896,"critic/returns/mean":0.0020311728585511446,"global_seqlen/balanced_max":7893,"critic/rewards/max":0.8999999761581421,"mfu/actor":0.25487110254973355,"response_length/min":49,"response_length/mean":193.1015625,"global_seqlen/min":4768,"timing_per_token_ms/update_actor":0.053064851010631665,"critic/score/max":0.8999999761581421,"_wandb":{"runtime":10796},"timing_s/adv":0.0693121301010251,"actor/kl_loss":0.0004977940116077662,"critic/returns/max":0.7071056365966797,"actor/pg_clipfrac":0,"timing_s/gen":437.21700317494106,"timing_s/step":441.68084138806444,"global_seqlen/balanced_min":5215,"prompt_length/clip_ratio":0,"actor/grad_norm":0.3056334853172302,"actor/entropy_loss":5.51756477355957,"global_seqlen/mean":6209.375,"actor/ppo_kl":0,"prompt_length/min":187,"global_seqlen/max":8126,"global_seqlen/minmax_diff":3358,"timing_per_token_ms/ref":0.01456776195148097,"response_length/max":3076,"actor/lr":5.660377358490566e-08,"_runtime":10796.47892605,"timing_per_token_ms/gen":17.688918686529153,"timing_per_token_ms/adv":0.0013953121308711647,"critic/rewards/min":0,"actor/pg_loss":-0.06508368998765945,"prompt_length/max":226,"timing_s/update_actor":2.635996473953128,"critic/returns/min":-0.7071056365966797,"timing_s/ref":0.7236535749398172,"_timestamp":1.753124210514635e+09}