{"actor/pg_clipfrac":0,"critic/advantages/mean":-0.008304906077682972,"timing_s/update_actor":10.27843752503395,"prompt_length/min":188,"critic/score/min":0,"critic/rewards/mean":0.10546875,"response_length/clip_ratio":0.1953125,"global_seqlen/minmax_diff":10670,"timing_s/gen":738.7750623738393,"actor/grad_norm":0.09203481674194336,"global_seqlen/mean":20740.625,"critic/returns/mean":-0.008304906077682972,"critic/returns/min":-0.7071056365966797,"response_length/turns":2.2421875,"global_seqlen/min":16120,"prompt_length/clip_ratio":0,"timing_per_token_ms/gen":5.239650931394564,"actor/entropy_loss":1.4969968795776367,"actor/lr":5.660377358490566e-08,"timing_s/ref":2.7918373157735914,"global_seqlen/max":26790,"critic/returns/max":0.7071056365966797,"mfu/actor":0.4262581362897801,"actor/kl_coef":0.001,"timing_per_token_ms/adv":0.000737728100593898,"actor/pg_loss":0,"_step":15,"actor/kl_loss":0.00037928958772681653,"critic/advantages/min":-0.7071056365966797,"timing_per_token_ms/ref":0.01682589914584054,"timing_s/step":755.5085498951375,"critic/score/max":0.8999999761581421,"_wandb":{"runtime":21913},"response_length/mean":1101.5390625,"response_length/max":4096,"_timestamp":1.7531404751187532e+09,"critic/rewards/max":0.8999999761581421,"actor/ppo_kl":0,"prompt_length/max":221,"critic/score/mean":0.10546875,"global_seqlen/balanced_min":20125,"timing_per_token_ms/update_actor":0.06194628612345307,"critic/rewards/min":0,"global_seqlen/balanced_max":22610,"response_length/min":92,"critic/advantages/max":0.7071056365966797,"prompt_length/mean":194.75,"timing_s/adv":0.12240753509104252,"_runtime":21913.642444402}